source,target,label
suave-chili-panda,swift-glass-wallaby,suave-chili-panda
suave-chili-panda,gorgeous-mercurial-deer,suave-chili-panda
suave-chili-panda,fast-snowy-cuckoo,suave-chili-panda
suave-chili-panda,salty-cinnabar-jellyfish,suave-chili-panda
suave-chili-panda,real-denim-wren,suave-chili-panda
suave-chili-panda,magic-stone-lynx,suave-chili-panda
suave-chili-panda,orbiting-eggplant-piranha,suave-chili-panda
fit-cornflower-turkey,festive-plum-chameleon,fit-cornflower-turkey
fit-cornflower-turkey,great-quartz-tardigrade,fit-cornflower-turkey
fit-cornflower-turkey,interesting-ocean-dog,fit-cornflower-turkey
fit-cornflower-turkey,festive-jade-raven,fit-cornflower-turkey
fit-cornflower-turkey,tiny-inky-walrus,fit-cornflower-turkey
fit-cornflower-turkey,polite-peanut-armadillo,fit-cornflower-turkey
fit-cornflower-turkey,agreeable-cinnamon-corgi,fit-cornflower-turkey
fit-cornflower-turkey,zealous-quartz-deer,fit-cornflower-turkey
fit-cornflower-turkey,fluffy-pickle-ant,fit-cornflower-turkey
fit-cornflower-turkey,short-lemonade-lizard,fit-cornflower-turkey
fit-cornflower-turkey,clumsy-citron-parrot,fit-cornflower-turkey
fit-cornflower-turkey,little-oily-platypus,fit-cornflower-turkey
fit-cornflower-turkey,proud-saffron-coyote,fit-cornflower-turkey
fit-cornflower-turkey,raspy-cotton-ladybug,fit-cornflower-turkey
fit-cornflower-turkey,macho-amethyst-finch,fit-cornflower-turkey
fit-cornflower-turkey,damp-pistachio-finch,fit-cornflower-turkey
fit-cornflower-turkey,macho-maroon-alligator,fit-cornflower-turkey
fit-cornflower-turkey,trendy-sky-pheasant,fit-cornflower-turkey
fit-cornflower-turkey,bumpy-burgundy-barbel,fit-cornflower-turkey
fit-cornflower-turkey,big-nylon-squid,fit-cornflower-turkey
fit-cornflower-turkey,sparkly-bamboo-dragon,fit-cornflower-turkey
gorgeous-chambray-turtle,decent-lemonade-starling,gorgeous-chambray-turtle
gorgeous-chambray-turtle,creamy-pearl-skunk,gorgeous-chambray-turtle
gorgeous-chambray-turtle,obedient-sepia-chicken,gorgeous-chambray-turtle
gorgeous-chambray-turtle,swift-spruce-beaver,gorgeous-chambray-turtle
gorgeous-chambray-turtle,bitter-topaz-yeti,gorgeous-chambray-turtle
gorgeous-chambray-turtle,zany-boysenberry-baboon,gorgeous-chambray-turtle
gorgeous-chambray-turtle,jolly-bamboo-fly,gorgeous-chambray-turtle
gorgeous-chambray-turtle,powerful-ginger-snake,gorgeous-chambray-turtle
gorgeous-chambray-turtle,soft-clay-tiger,gorgeous-chambray-turtle
gorgeous-chambray-turtle,hot-golden-seal,gorgeous-chambray-turtle
gorgeous-chambray-turtle,active-lilac-rabbit,gorgeous-chambray-turtle
gorgeous-chambray-turtle,little-oily-platypus,gorgeous-chambray-turtle
gorgeous-chambray-turtle,tall-blonde-condor,gorgeous-chambray-turtle
gorgeous-chambray-turtle,cool-silver-spider,gorgeous-chambray-turtle
gorgeous-chambray-turtle,jumpy-green-mantis,gorgeous-chambray-turtle
gorgeous-chambray-turtle,abundant-maroon-newt,gorgeous-chambray-turtle
gorgeous-chambray-turtle,sharp-misty-seal,gorgeous-chambray-turtle
gorgeous-chambray-turtle,decent-holographic-bison,gorgeous-chambray-turtle
gorgeous-chambray-turtle,savory-pink-swallow,gorgeous-chambray-turtle
gorgeous-chambray-turtle,tiny-vermilion-platypus,gorgeous-chambray-turtle
gorgeous-chambray-turtle,best-shamrock-wren,gorgeous-chambray-turtle
short-graphite-terrier,dancing-clay-scorpion,short-graphite-terrier
short-graphite-terrier,tricky-lilac-pig,short-graphite-terrier
short-graphite-terrier,faithful-rose-seahorse,short-graphite-terrier
short-graphite-terrier,straight-lipstick-python,short-graphite-terrier
sunny-pearl-badger,prehistoric-raisin-gorilla,sunny-pearl-badger
sunny-pearl-badger,clumsy-caramel-barracuda,sunny-pearl-badger
sunny-pearl-badger,tame-corduroy-hamster,sunny-pearl-badger
sunny-pearl-badger,steep-plum-dove,sunny-pearl-badger
sunny-pearl-badger,nutty-shamrock-sardine,sunny-pearl-badger
stable-currant-hornet,glamorous-porcelain-cougar,stable-currant-hornet
stable-currant-hornet,mini-amber-mallard,stable-currant-hornet
stable-currant-hornet,curved-cerulean-alligator,stable-currant-hornet
original-sandstone-elephant,micro-satin-sloth,original-sandstone-elephant
original-sandstone-elephant,delightful-gauze-finch,original-sandstone-elephant
original-sandstone-elephant,dazzling-raisin-huskie,original-sandstone-elephant
original-sandstone-elephant,cool-honeysuckle-chinchilla,original-sandstone-elephant
original-sandstone-elephant,lucky-amethyst-barracuda,original-sandstone-elephant
dandy-ruby-yeti,prehistoric-mandarin-cod,dandy-ruby-yeti
dandy-ruby-yeti,howling-pewter-lark,dandy-ruby-yeti
dandy-ruby-yeti,real-coconut-shetland,dandy-ruby-yeti
dandy-ruby-yeti,little-oily-platypus,dandy-ruby-yeti
dandy-ruby-yeti,special-pear-shrimp,dandy-ruby-yeti
dandy-ruby-yeti,huge-honeysuckle-eagle,dandy-ruby-yeti
scrawny-sable-cat,tame-wooden-anteater,scrawny-sable-cat
scrawny-sable-cat,tiny-candy-hamster,scrawny-sable-cat
scrawny-sable-cat,sticky-jade-squid,scrawny-sable-cat
scrawny-sable-cat,tart-fern-hare,scrawny-sable-cat
scrawny-sable-cat,pet-chiffon-worm,scrawny-sable-cat
scrawny-sable-cat,dapper-red-bear,scrawny-sable-cat
scrawny-sable-cat,blunt-velvet-badger,scrawny-sable-cat
scrawny-sable-cat,young-cider-cow,scrawny-sable-cat
scrawny-sable-cat,fun-bubblegum-panther,scrawny-sable-cat
scrawny-sable-cat,innocent-metal-blackbird,scrawny-sable-cat
scrawny-sable-cat,joyous-tartan-blackbird,scrawny-sable-cat
scrawny-sable-cat,atomic-wooden-lynx,scrawny-sable-cat
scrawny-sable-cat,modern-golden-tiger,scrawny-sable-cat
small-chili-leopard,real-glass-wallaby,small-chili-leopard
small-chili-leopard,innocent-walnut-tarantula,small-chili-leopard
small-chili-leopard,cheerful-crepe-penguin,small-chili-leopard
small-chili-leopard,muscular-silver-boa,small-chili-leopard
small-chili-leopard,cheery-paisley-cat,small-chili-leopard
small-chili-leopard,petite-cream-rook,small-chili-leopard
wonderful-shadow-tardigrade,teeny-cornflower-eel,wonderful-shadow-tardigrade
wonderful-shadow-tardigrade,amateur-jetblack-lynx,wonderful-shadow-tardigrade
wonderful-shadow-tardigrade,daring-plastic-caterpillar,wonderful-shadow-tardigrade
amateur-seaweed-marmot,bent-taupe-alligator,amateur-seaweed-marmot
amateur-seaweed-marmot,careful-seafoam-panda,amateur-seaweed-marmot
amateur-seaweed-marmot,faithful-pebble-whale,amateur-seaweed-marmot
amateur-seaweed-marmot,pet-cobalt-boar,amateur-seaweed-marmot
amateur-seaweed-marmot,dandy-pastel-snake,amateur-seaweed-marmot
amateur-seaweed-marmot,modern-golden-tiger,amateur-seaweed-marmot
massive-pastel-pheasant,alert-mustard-cod,massive-pastel-pheasant
massive-pastel-pheasant,short-sangria-crow,massive-pastel-pheasant
massive-pastel-pheasant,curly-pastel-dove,massive-pastel-pheasant
massive-pastel-pheasant,strong-watermelon-wolverine,massive-pastel-pheasant
massive-pastel-pheasant,generous-concrete-walrus,massive-pastel-pheasant
massive-pastel-pheasant,curly-berry-coyote,massive-pastel-pheasant
fun-hemp-wren,attractive-hemp-beetle,fun-hemp-wren
fun-hemp-wren,electric-mustard-scallop,fun-hemp-wren
fun-hemp-wren,little-oily-platypus,fun-hemp-wren
fun-hemp-wren,magic-stone-lynx,fun-hemp-wren
fun-hemp-wren,dapper-cinnabar-raven,fun-hemp-wren
straight-ginger-tadpole,brief-lead-wren,straight-ginger-tadpole
straight-ginger-tadpole,creamy-umber-crocodile,straight-ginger-tadpole
straight-ginger-tadpole,short-turquoise-rhino,straight-ginger-tadpole
straight-ginger-tadpole,oblong-heather-jaguar,straight-ginger-tadpole
straight-ginger-tadpole,blunt-tangerine-mammoth,straight-ginger-tadpole
straight-ginger-tadpole,cheerful-chili-caterpillar,straight-ginger-tadpole
straight-ginger-tadpole,stable-burlap-raccoon,straight-ginger-tadpole
straight-ginger-tadpole,festive-marigold-mole,straight-ginger-tadpole
straight-ginger-tadpole,big-velvet-stork,straight-ginger-tadpole
straight-ginger-tadpole,hidden-pastel-wasp,straight-ginger-tadpole
straight-ginger-tadpole,scruffy-aquamarine-porcupine,straight-ginger-tadpole
straight-ginger-tadpole,upbeat-pearl-vulture,straight-ginger-tadpole
straight-ginger-tadpole,itchy-pewter-ferret,straight-ginger-tadpole
straight-ginger-tadpole,square-goldenrod-gorilla,straight-ginger-tadpole
straight-ginger-tadpole,atomic-rusty-gecko,straight-ginger-tadpole
straight-ginger-tadpole,fit-mauve-baboon,straight-ginger-tadpole
straight-ginger-tadpole,mammoth-misty-loris,straight-ginger-tadpole
straight-ginger-tadpole,lone-violet-orca,straight-ginger-tadpole
straight-ginger-tadpole,bubbly-slate-donkey,straight-ginger-tadpole
straight-ginger-tadpole,electric-chiffon-porcupine,straight-ginger-tadpole
straight-ginger-tadpole,glorious-honey-hedgehog,straight-ginger-tadpole
straight-ginger-tadpole,dandy-pastel-snake,straight-ginger-tadpole
straight-ginger-tadpole,long-smoke-salmon,straight-ginger-tadpole
perfect-chartreuse-butterfly,oblong-concrete-hamster,perfect-chartreuse-butterfly
perfect-chartreuse-butterfly,ripe-white-cuckoo,perfect-chartreuse-butterfly
perfect-chartreuse-butterfly,clever-coral-orangutan,perfect-chartreuse-butterfly
perfect-chartreuse-butterfly,tangy-concrete-locust,perfect-chartreuse-butterfly
perfect-chartreuse-butterfly,colossal-tangerine-reindeer,perfect-chartreuse-butterfly
perfect-chartreuse-butterfly,quaint-cream-ladybug,perfect-chartreuse-butterfly
rural-rosewood-wallaby,main-opal-raccoon,rural-rosewood-wallaby
rural-rosewood-wallaby,crazy-porcelain-dragonfly,rural-rosewood-wallaby
rural-rosewood-wallaby,late-parchment-mantaray,rural-rosewood-wallaby
rural-rosewood-wallaby,calm-scarlet-liger,rural-rosewood-wallaby
rural-rosewood-wallaby,suave-mustard-llama,rural-rosewood-wallaby
rural-rosewood-wallaby,round-white-sidewinder,rural-rosewood-wallaby
rural-rosewood-wallaby,strong-misty-ant,rural-rosewood-wallaby
rural-rosewood-wallaby,expert-fleece-zebra,rural-rosewood-wallaby
loud-seafoam-mink,sticky-emerald-liger,loud-seafoam-mink
loud-seafoam-mink,rough-marmalade-bird,loud-seafoam-mink
loud-seafoam-mink,festive-plum-chameleon,loud-seafoam-mink
loud-seafoam-mink,zesty-bronze-peacock,loud-seafoam-mink
loud-seafoam-mink,handsome-honeysuckle-mallard,loud-seafoam-mink
loud-seafoam-mink,brave-strawberry-alpaca,loud-seafoam-mink
loud-seafoam-mink,mythical-porcelain-tapir,loud-seafoam-mink
loud-seafoam-mink,festive-jade-raven,loud-seafoam-mink
loud-seafoam-mink,fun-olive-rabbit,loud-seafoam-mink
loud-seafoam-mink,mini-plastic-crab,loud-seafoam-mink
loud-seafoam-mink,joyful-citron-walrus,loud-seafoam-mink
loud-seafoam-mink,nutty-khaki-porcupine,loud-seafoam-mink
loud-seafoam-mink,tiny-inky-walrus,loud-seafoam-mink
loud-seafoam-mink,tame-lavender-mantis,loud-seafoam-mink
loud-seafoam-mink,alert-mustard-cod,loud-seafoam-mink
loud-seafoam-mink,curly-pewter-porcupine,loud-seafoam-mink
loud-seafoam-mink,harsh-alabaster-mole,loud-seafoam-mink
loud-seafoam-mink,winning-tin-owl,loud-seafoam-mink
loud-seafoam-mink,best-cherry-sheep,loud-seafoam-mink
loud-seafoam-mink,fantastic-ocean-monkey,loud-seafoam-mink
loud-seafoam-mink,clean-coral-rattlesnake,loud-seafoam-mink
loud-seafoam-mink,obedient-rouge-toad,loud-seafoam-mink
loud-seafoam-mink,narrow-goldenrod-wombat,loud-seafoam-mink
loud-seafoam-mink,keen-clay-carp,loud-seafoam-mink
loud-seafoam-mink,proud-azure-goat,loud-seafoam-mink
loud-seafoam-mink,bumpy-mango-raccoon,loud-seafoam-mink
loud-seafoam-mink,exotic-pebble-meerkat,loud-seafoam-mink
loud-seafoam-mink,soaring-sangria-seal,loud-seafoam-mink
loud-seafoam-mink,careful-seafoam-panda,loud-seafoam-mink
loud-seafoam-mink,furry-coal-halibut,loud-seafoam-mink
loud-seafoam-mink,lone-banana-python,loud-seafoam-mink
loud-seafoam-mink,wild-ultraviolet-finch,loud-seafoam-mink
loud-seafoam-mink,fancy-rusty-toad,loud-seafoam-mink
loud-seafoam-mink,wonderful-crepe-perch,loud-seafoam-mink
loud-seafoam-mink,melodic-cherry-hamster,loud-seafoam-mink
loud-seafoam-mink,howling-holographic-gibbon,loud-seafoam-mink
loud-seafoam-mink,damp-scarlet-squirrel,loud-seafoam-mink
loud-seafoam-mink,flaky-ocean-gazelle,loud-seafoam-mink
loud-seafoam-mink,atomic-rusty-gecko,loud-seafoam-mink
loud-seafoam-mink,rural-lavender-beetle,loud-seafoam-mink
loud-seafoam-mink,magnificent-tawny-cow,loud-seafoam-mink
loud-seafoam-mink,radiant-onyx-meerkat,loud-seafoam-mink
loud-seafoam-mink,boxy-amethyst-albatross,loud-seafoam-mink
loud-seafoam-mink,cheery-sapphire-flamingo,loud-seafoam-mink
loud-seafoam-mink,witty-gingham-shell,loud-seafoam-mink
loud-seafoam-mink,hot-cider-pangolin,loud-seafoam-mink
loud-seafoam-mink,little-marmalade-mammoth,loud-seafoam-mink
loud-seafoam-mink,joyous-champagne-hare,loud-seafoam-mink
loud-seafoam-mink,joyous-dijon-cod,loud-seafoam-mink
loud-seafoam-mink,passive-bone-viper,loud-seafoam-mink
loud-seafoam-mink,smooth-caramel-llama,loud-seafoam-mink
loud-seafoam-mink,bubbly-pastel-ant,loud-seafoam-mink
loud-seafoam-mink,rough-gauze-barbel,loud-seafoam-mink
loud-seafoam-mink,dry-sand-cottonmouth,loud-seafoam-mink
loud-seafoam-mink,virtual-mandarin-eagle,loud-seafoam-mink
loud-seafoam-mink,brave-blue-oyster,loud-seafoam-mink
loud-seafoam-mink,fast-aqua-jellyfish,loud-seafoam-mink
loud-seafoam-mink,stale-jade-skunk,loud-seafoam-mink
loud-seafoam-mink,dapper-gingham-goat,loud-seafoam-mink
loud-seafoam-mink,magic-rainbow-wasp,loud-seafoam-mink
loud-seafoam-mink,breezy-onyx-rattlesnake,loud-seafoam-mink
loud-seafoam-mink,straight-neon-corgi,loud-seafoam-mink
loud-seafoam-mink,generous-concrete-walrus,loud-seafoam-mink
loud-seafoam-mink,rhythmic-shadow-spider,loud-seafoam-mink
loud-seafoam-mink,bumpy-clay-narwhal,loud-seafoam-mink
loud-seafoam-mink,energetic-tawny-tapir,loud-seafoam-mink
loud-seafoam-mink,boxy-wool-bull,loud-seafoam-mink
loud-seafoam-mink,wonderful-seaweed-vulture,loud-seafoam-mink
loud-seafoam-mink,slow-coral-caribou,loud-seafoam-mink
loud-seafoam-mink,calm-bamboo-tarantula,loud-seafoam-mink
loud-seafoam-mink,winning-satin-opossum,loud-seafoam-mink
loud-seafoam-mink,warm-blood-jellyfish,loud-seafoam-mink
loud-seafoam-mink,mean-raspberry-lemur,loud-seafoam-mink
loud-seafoam-mink,dapper-crepe-loris,loud-seafoam-mink
fit-myrtle-gibbon,curved-orchid-frog,fit-myrtle-gibbon
fit-myrtle-gibbon,proper-silver-swift,fit-myrtle-gibbon
sneaky-plum-bird,melted-blue-tarantula,sneaky-plum-bird
sneaky-plum-bird,active-inky-vulture,sneaky-plum-bird
sneaky-plum-bird,cheerful-currant-viper,sneaky-plum-bird
sneaky-plum-bird,clever-fleece-vulture,sneaky-plum-bird
sneaky-plum-bird,tart-marmalade-opossum,sneaky-plum-bird
sneaky-plum-bird,salty-bubblegum-chipmunk,sneaky-plum-bird
acrobatic-golden-parakeet,calm-green-seahorse,acrobatic-golden-parakeet
acrobatic-golden-parakeet,dandy-pastel-snake,acrobatic-golden-parakeet
acrobatic-golden-parakeet,rare-raisin-copperhead,acrobatic-golden-parakeet
steep-cotton-chicken,acidic-lime-haddock,steep-cotton-chicken
steep-cotton-chicken,rough-marmalade-bird,steep-cotton-chicken
steep-cotton-chicken,zesty-hazel-pigeon,steep-cotton-chicken
steep-cotton-chicken,swift-rouge-osprey,steep-cotton-chicken
steep-cotton-chicken,breezy-grey-poodle,steep-cotton-chicken
steep-cotton-chicken,lucky-menthol-wasp,steep-cotton-chicken
steep-cotton-chicken,rapid-ebony-troll,steep-cotton-chicken
steep-cotton-chicken,radiant-indigo-barracuda,steep-cotton-chicken
steep-cotton-chicken,spare-turquoise-otter,steep-cotton-chicken
steep-cotton-chicken,fit-mauve-baboon,steep-cotton-chicken
steep-cotton-chicken,obedient-rosewood-peacock,steep-cotton-chicken
steep-cotton-chicken,silly-velvet-mandrill,steep-cotton-chicken
steep-cotton-chicken,rapid-champagne-worm,steep-cotton-chicken
steep-cotton-chicken,brilliant-pear-chicken,steep-cotton-chicken
steep-cotton-chicken,fast-zinc-coyote,steep-cotton-chicken
steep-cotton-chicken,creamy-eggshell-yeti,steep-cotton-chicken
steep-cotton-chicken,ambitious-sapphire-boa,steep-cotton-chicken
upbeat-currant-mouse,stable-burlap-raccoon,upbeat-currant-mouse
upbeat-currant-mouse,melodic-hazelnut-horse,upbeat-currant-mouse
upbeat-currant-mouse,rare-raisin-copperhead,upbeat-currant-mouse
late-mint-gazelle,fierce-cerulean-jellyfish,late-mint-gazelle
late-mint-gazelle,cold-chocolate-python,late-mint-gazelle
late-mint-gazelle,long-steel-goat,late-mint-gazelle
innocent-chili-toad,alert-mustard-cod,innocent-chili-toad
innocent-chili-toad,icy-purple-porpoise,innocent-chili-toad
innocent-chili-toad,wonderful-pastel-salamander,innocent-chili-toad
innocent-chili-toad,shaggy-mossy-unicorn,innocent-chili-toad
innocent-chili-toad,cheery-foggy-rabbit,innocent-chili-toad
muscular-pastel-squid,ancient-chili-crane,muscular-pastel-squid
muscular-pastel-squid,overt-chartreuse-weasel,muscular-pastel-squid
muscular-pastel-squid,short-sangria-crow,muscular-pastel-squid
amusing-topaz-dalmatian,quick-bamboo-sealion,amusing-topaz-dalmatian
amusing-topaz-dalmatian,old-honey-lizard,amusing-topaz-dalmatian
amusing-topaz-dalmatian,chilly-bubblegum-liger,amusing-topaz-dalmatian
amusing-topaz-dalmatian,pet-chiffon-worm,amusing-topaz-dalmatian
amusing-topaz-dalmatian,bent-pistachio-walrus,amusing-topaz-dalmatian
amusing-topaz-dalmatian,acidic-slate-coyote,amusing-topaz-dalmatian
amusing-topaz-dalmatian,little-spruce-mammoth,amusing-topaz-dalmatian
proper-carob-giraffe,able-chili-mammoth,proper-carob-giraffe
proper-carob-giraffe,teeny-orange-hippo,proper-carob-giraffe
bitter-tortilla-fly,calm-ruby-grasshopper,bitter-tortilla-fly
bitter-tortilla-fly,bumpy-clay-narwhal,bitter-tortilla-fly
bitter-tortilla-fly,lively-aqua-puma,bitter-tortilla-fly
bitter-tortilla-fly,little-neon-porcupine,bitter-tortilla-fly
blurry-velvet-shark,cheery-cloud-guppy,blurry-velvet-shark
blurry-velvet-shark,beautiful-wintergreen-weasel,blurry-velvet-shark
blurry-velvet-shark,strong-misty-ant,blurry-velvet-shark
blurry-velvet-shark,suave-vinyl-albatross,blurry-velvet-shark
blurry-velvet-shark,amateur-blonde-cuckoo,blurry-velvet-shark
blurry-velvet-shark,boxy-wool-bull,blurry-velvet-shark
short-amber-cricket,damp-licorice-cod,short-amber-cricket
short-amber-cricket,oblong-punch-mongoose,short-amber-cricket
short-amber-cricket,jovial-currant-mouse,short-amber-cricket
short-amber-cricket,rhythmic-fleece-porcupine,short-amber-cricket
short-amber-cricket,spare-bronze-toad,short-amber-cricket
short-amber-cricket,joyful-slate-barracuda,short-amber-cricket
short-amber-cricket,long-cherry-mongoose,short-amber-cricket
short-amber-cricket,kind-clear-hamster,short-amber-cricket
short-amber-cricket,wobbly-ebony-caterpillar,short-amber-cricket
short-amber-cricket,elegant-hazel-jay,short-amber-cricket
short-amber-cricket,exotic-fossilized-piranha,short-amber-cricket
short-amber-cricket,rich-oily-whale,short-amber-cricket
short-amber-cricket,sweet-macaroon-penguin,short-amber-cricket
short-amber-cricket,decent-chrome-whale,short-amber-cricket
bright-aquamarine-seal,formal-sandstone-giraffe,bright-aquamarine-seal
bright-aquamarine-seal,tame-carob-cod,bright-aquamarine-seal
bright-aquamarine-seal,zealous-clear-mockingbird,bright-aquamarine-seal
bright-aquamarine-seal,quiet-citron-rooster,bright-aquamarine-seal
soft-clay-tiger,zesty-banana-cod,soft-clay-tiger
soft-clay-tiger,old-honey-lizard,soft-clay-tiger
soft-clay-tiger,gorgeous-chambray-turtle,soft-clay-tiger
soft-clay-tiger,muscular-pink-barbel,soft-clay-tiger
soft-clay-tiger,tame-carob-cod,soft-clay-tiger
fierce-tan-mongoose,zealous-mango-cobra,fierce-tan-mongoose
fierce-tan-mongoose,unique-brick-guppy,fierce-tan-mongoose
fierce-tan-mongoose,tart-chili-lizard,fierce-tan-mongoose
fierce-tan-mongoose,stale-menthol-otter,fierce-tan-mongoose
cheesy-brick-mustang,great-orange-bobcat,cheesy-brick-mustang
cheesy-brick-mustang,petite-mint-duck,cheesy-brick-mustang
cheesy-brick-mustang,festive-glass-raven,cheesy-brick-mustang
cheesy-brick-mustang,powerful-ginger-snake,cheesy-brick-mustang
cheesy-brick-mustang,bald-yellow-llama,cheesy-brick-mustang
cheesy-brick-mustang,stale-mauve-liger,cheesy-brick-mustang
sweet-citron-stork,decent-tortilla-bee,sweet-citron-stork
sweet-citron-stork,merry-latte-kookaburra,sweet-citron-stork
sweet-citron-stork,chilly-azure-scorpion,sweet-citron-stork
sweet-citron-stork,damp-gingerbread-swallow,sweet-citron-stork
sweet-citron-stork,curly-pewter-porcupine,sweet-citron-stork
sweet-citron-stork,sweet-lilac-wolf,sweet-citron-stork
sweet-citron-stork,electric-white-shrimp,sweet-citron-stork
sweet-citron-stork,raspy-inky-donkey,sweet-citron-stork
sweet-citron-stork,loud-seafoam-mink,sweet-citron-stork
sweet-citron-stork,sparkly-mercurial-panther,sweet-citron-stork
crazy-zinc-rook,brave-strawberry-alpaca,crazy-zinc-rook
crazy-zinc-rook,wonderful-aegean-beaver,crazy-zinc-rook
crazy-zinc-rook,festive-jade-raven,crazy-zinc-rook
crazy-zinc-rook,mean-lead-swan,crazy-zinc-rook
crazy-zinc-rook,loud-bronze-crane,crazy-zinc-rook
crazy-zinc-rook,proper-boysenberry-koala,crazy-zinc-rook
crazy-zinc-rook,uneven-bubblegum-orca,crazy-zinc-rook
crazy-zinc-rook,fantastic-blonde-hamster,crazy-zinc-rook
crazy-zinc-rook,warm-caramel-hyena,crazy-zinc-rook
crazy-zinc-rook,immense-burgundy-corgi,crazy-zinc-rook
crazy-zinc-rook,soaring-mango-raccoon,crazy-zinc-rook
crazy-zinc-rook,keen-sangria-mole,crazy-zinc-rook
crazy-zinc-rook,soaring-walnut-corgi,crazy-zinc-rook
crazy-zinc-rook,lone-hazelnut-bear,crazy-zinc-rook
crazy-zinc-rook,stale-charcoal-rat,crazy-zinc-rook
crazy-zinc-rook,breezy-onyx-rattlesnake,crazy-zinc-rook
crazy-zinc-rook,shaggy-quartz-rook,crazy-zinc-rook
crazy-zinc-rook,petite-arctic-iguana,crazy-zinc-rook
crazy-zinc-rook,swift-chocolate-mongoose,crazy-zinc-rook
salty-scarlet-finch,tame-topaz-swift,salty-scarlet-finch
salty-scarlet-finch,droll-tin-antelope,salty-scarlet-finch
salty-scarlet-finch,stale-menthol-piranha,salty-scarlet-finch
salty-scarlet-finch,noisy-blush-flamingo,salty-scarlet-finch
salty-scarlet-finch,custom-magenta-mongoose,salty-scarlet-finch
salty-scarlet-finch,helpful-daffodil-tarantula,salty-scarlet-finch
salty-scarlet-finch,fit-watermelon-capybara,salty-scarlet-finch
short-shadow-panda,mythical-pebble-barracuda,short-shadow-panda
short-shadow-panda,formal-sapphire-pike,short-shadow-panda
short-shadow-panda,smooth-plastic-ant,short-shadow-panda
short-shadow-panda,square-garnet-shetland,short-shadow-panda
short-shadow-panda,cheerful-currant-viper,short-shadow-panda
short-shadow-panda,faithful-ceramic-pangolin,short-shadow-panda
short-shadow-panda,bouncy-cinnamon-anteater,short-shadow-panda
short-shadow-panda,slow-viridian-opossum,short-shadow-panda
interesting-tortilla-armadillo,melted-mango-urchin,interesting-tortilla-armadillo
interesting-tortilla-armadillo,radiant-quartz-bobcat,interesting-tortilla-armadillo
interesting-tortilla-armadillo,unique-brick-guppy,interesting-tortilla-armadillo
interesting-tortilla-armadillo,festive-glass-raven,interesting-tortilla-armadillo
interesting-tortilla-armadillo,elegant-punch-mantis,interesting-tortilla-armadillo
interesting-tortilla-armadillo,little-oily-platypus,interesting-tortilla-armadillo
interesting-tortilla-armadillo,furry-rose-bear,interesting-tortilla-armadillo
interesting-tortilla-armadillo,careful-coal-manatee,interesting-tortilla-armadillo
nice-iris-gerbil,merry-latte-kookaburra,nice-iris-gerbil
nice-iris-gerbil,uneven-lipstick-piranha,nice-iris-gerbil
nice-iris-gerbil,active-boysenberry-cormorant,nice-iris-gerbil
nice-iris-gerbil,bent-oily-scorpion,nice-iris-gerbil
nice-iris-gerbil,clean-lava-sheep,nice-iris-gerbil
nice-iris-gerbil,little-oily-platypus,nice-iris-gerbil
nice-iris-gerbil,docile-orchid-tuna,nice-iris-gerbil
nice-iris-gerbil,dazzling-alabaster-bird,nice-iris-gerbil
nice-iris-gerbil,rapid-boysenberry-raccoon,nice-iris-gerbil
nice-iris-gerbil,mini-sapphire-gerbil,nice-iris-gerbil
creamy-fern-coyote,polite-juniper-albatross,creamy-fern-coyote
creamy-fern-coyote,expert-midnight-gazelle,creamy-fern-coyote
creamy-fern-coyote,magic-sage-salmon,creamy-fern-coyote
creamy-fern-coyote,dandy-pastel-snake,creamy-fern-coyote
creamy-fern-coyote,melted-jetblack-bobcat,creamy-fern-coyote
creamy-fern-coyote,gentle-tan-yak,creamy-fern-coyote
creamy-fern-coyote,mysterious-tangerine-goblin,creamy-fern-coyote
creamy-fern-coyote,calm-bamboo-tarantula,creamy-fern-coyote
creamy-fern-coyote,colossal-tin-dove,creamy-fern-coyote
creamy-fern-coyote,square-ultraviolet-frog,creamy-fern-coyote
creamy-fern-coyote,dry-caramel-blackbird,creamy-fern-coyote
creamy-fern-coyote,thankful-spruce-shell,creamy-fern-coyote
creamy-fern-coyote,bald-tortilla-spider,creamy-fern-coyote
creamy-fern-coyote,sneaky-violet-penguin,creamy-fern-coyote
creamy-fern-coyote,rough-marmalade-bird,creamy-fern-coyote
creamy-fern-coyote,sticky-foggy-perch,creamy-fern-coyote
creamy-fern-coyote,short-turquoise-rhino,creamy-fern-coyote
creamy-fern-coyote,boxy-navy-jay,creamy-fern-coyote
creamy-fern-coyote,small-onyx-stallion,creamy-fern-coyote
creamy-fern-coyote,square-olive-albatross,creamy-fern-coyote
creamy-fern-coyote,powerful-daisy-rat,creamy-fern-coyote
creamy-fern-coyote,tiny-inky-walrus,creamy-fern-coyote
creamy-fern-coyote,elegant-hazel-elk,creamy-fern-coyote
creamy-fern-coyote,large-hazel-flamingo,creamy-fern-coyote
creamy-fern-coyote,late-parchment-mantaray,creamy-fern-coyote
creamy-fern-coyote,sleepy-tan-horse,creamy-fern-coyote
creamy-fern-coyote,nutty-khaki-porcupine,creamy-fern-coyote
creamy-fern-coyote,urban-cornflower-panda,creamy-fern-coyote
creamy-fern-coyote,alert-mustard-cod,creamy-fern-coyote
creamy-fern-coyote,harsh-alabaster-mole,creamy-fern-coyote
creamy-fern-coyote,zesty-amethyst-bear,creamy-fern-coyote
creamy-fern-coyote,gentle-cinnabar-wolverine,creamy-fern-coyote
creamy-fern-coyote,long-spruce-hawk,creamy-fern-coyote
creamy-fern-coyote,melted-raspberry-cyborg,creamy-fern-coyote
creamy-fern-coyote,able-chili-mammoth,creamy-fern-coyote
creamy-fern-coyote,festive-daisy-mule,creamy-fern-coyote
creamy-fern-coyote,gentle-grape-puppy,creamy-fern-coyote
creamy-fern-coyote,noisy-silver-unicorn,creamy-fern-coyote
creamy-fern-coyote,sweet-lilac-wolf,creamy-fern-coyote
creamy-fern-coyote,narrow-daisy-elk,creamy-fern-coyote
creamy-fern-coyote,high-citron-raccoon,creamy-fern-coyote
creamy-fern-coyote,obedient-rouge-toad,creamy-fern-coyote
creamy-fern-coyote,blurry-mercurial-sardine,creamy-fern-coyote
creamy-fern-coyote,exotic-pebble-meerkat,creamy-fern-coyote
creamy-fern-coyote,kind-garnet-panther,creamy-fern-coyote
creamy-fern-coyote,warm-metal-koala,creamy-fern-coyote
creamy-fern-coyote,proud-azure-goat,creamy-fern-coyote
creamy-fern-coyote,rural-onyx-locust,creamy-fern-coyote
creamy-fern-coyote,itchy-vinyl-mink,creamy-fern-coyote
creamy-fern-coyote,atomic-parchment-snail,creamy-fern-coyote
creamy-fern-coyote,fancy-rusty-toad,creamy-fern-coyote
creamy-fern-coyote,obedient-hotpink-eagle,creamy-fern-coyote
creamy-fern-coyote,dazzling-raisin-huskie,creamy-fern-coyote
creamy-fern-coyote,flaky-brunette-mongoose,creamy-fern-coyote
creamy-fern-coyote,amusing-boysenberry-walrus,creamy-fern-coyote
creamy-fern-coyote,little-oily-platypus,creamy-fern-coyote
creamy-fern-coyote,narrow-vanilla-cricket,creamy-fern-coyote
creamy-fern-coyote,tame-carob-cod,creamy-fern-coyote
creamy-fern-coyote,spicy-candy-salamander,creamy-fern-coyote
creamy-fern-coyote,proud-saffron-coyote,creamy-fern-coyote
creamy-fern-coyote,howling-holographic-gibbon,creamy-fern-coyote
creamy-fern-coyote,zesty-parchment-rook,creamy-fern-coyote
creamy-fern-coyote,mammoth-misty-loris,creamy-fern-coyote
creamy-fern-coyote,joyous-cloth-kookaburra,creamy-fern-coyote
creamy-fern-coyote,crazy-zinc-rook,creamy-fern-coyote
creamy-fern-coyote,rural-lavender-beetle,creamy-fern-coyote
creamy-fern-coyote,cheery-sapphire-flamingo,creamy-fern-coyote
creamy-fern-coyote,odd-merlot-fish,creamy-fern-coyote
creamy-fern-coyote,flat-leather-sparrow,creamy-fern-coyote
creamy-fern-coyote,abundant-pebble-puma,creamy-fern-coyote
creamy-fern-coyote,creamy-crimson-hyena,creamy-fern-coyote
creamy-fern-coyote,wild-lava-raccoon,creamy-fern-coyote
creamy-fern-coyote,cheerful-midnight-ferret,creamy-fern-coyote
creamy-fern-coyote,straight-ginger-tadpole,creamy-fern-coyote
creamy-fern-coyote,bubbly-mauve-butterfly,creamy-fern-coyote
creamy-fern-coyote,wild-watermelon-shark,creamy-fern-coyote
creamy-fern-coyote,lone-fleece-ladybug,creamy-fern-coyote
creamy-fern-coyote,smooth-caramel-llama,creamy-fern-coyote
creamy-fern-coyote,electric-chiffon-porcupine,creamy-fern-coyote
creamy-fern-coyote,zealous-frost-sloth,creamy-fern-coyote
creamy-fern-coyote,clever-fleece-vulture,creamy-fern-coyote
creamy-fern-coyote,fast-satin-sardine,creamy-fern-coyote
creamy-fern-coyote,bent-burgundy-lobster,creamy-fern-coyote
creamy-fern-coyote,quick-bronze-pig,creamy-fern-coyote
creamy-fern-coyote,smooth-vanilla-tuna,creamy-fern-coyote
creamy-fern-coyote,square-currant-leopard,creamy-fern-coyote
creamy-fern-coyote,dapper-gingham-goat,creamy-fern-coyote
creamy-fern-coyote,mythical-tangerine-cormorant,creamy-fern-coyote
creamy-fern-coyote,magic-rainbow-wasp,creamy-fern-coyote
creamy-fern-coyote,little-merlot-gazelle,creamy-fern-coyote
creamy-fern-coyote,bumpy-clay-narwhal,creamy-fern-coyote
creamy-fern-coyote,breezy-onyx-rattlesnake,creamy-fern-coyote
creamy-fern-coyote,wonderful-seaweed-vulture,creamy-fern-coyote
creamy-fern-coyote,innocent-shamrock-bull,creamy-fern-coyote
creamy-fern-coyote,sleepy-frost-cougar,creamy-fern-coyote
creamy-fern-coyote,narrow-indigo-pheasant,creamy-fern-coyote
creamy-fern-coyote,chilly-shamrock-mammoth,creamy-fern-coyote
creamy-fern-coyote,quaint-smoke-hyena,creamy-fern-coyote
deep-sepia-corgi,clever-juniper-caribou,deep-sepia-corgi
deep-sepia-corgi,amateur-jetblack-lynx,deep-sepia-corgi
deep-sepia-corgi,obedient-flaxen-narwhal,deep-sepia-corgi
deep-sepia-corgi,gentle-tan-yak,deep-sepia-corgi
deep-sepia-corgi,bouncy-ruby-goose,deep-sepia-corgi
high-blood-squirrel,short-clear-orangutan,high-blood-squirrel
high-blood-squirrel,faithful-pebble-whale,high-blood-squirrel
high-blood-squirrel,long-onyx-elk,high-blood-squirrel
shallow-ivory-crow,real-blue-elk,shallow-ivory-crow
shallow-ivory-crow,striped-ruby-hornet,shallow-ivory-crow
high-mango-scorpion,short-turquoise-rhino,high-mango-scorpion
high-mango-scorpion,sunny-mercurial-crow,high-mango-scorpion
high-mango-scorpion,flaky-licorice-anteater,high-mango-scorpion
high-mango-scorpion,crazy-ivory-mantis,high-mango-scorpion
high-mango-scorpion,wild-watermelon-shark,high-mango-scorpion
kind-boysenberry-seahorse,boxy-navy-jay,kind-boysenberry-seahorse
kind-boysenberry-seahorse,custom-khaki-bat,kind-boysenberry-seahorse
kind-boysenberry-seahorse,furry-white-ram,kind-boysenberry-seahorse
kind-boysenberry-seahorse,spicy-laurel-pheasant,kind-boysenberry-seahorse
spicy-opaque-sloth,best-iris-bull,spicy-opaque-sloth
spicy-opaque-sloth,wonderful-crepe-perch,spicy-opaque-sloth
spicy-opaque-sloth,polished-latte-rattlesnake,spicy-opaque-sloth
spicy-opaque-sloth,fun-mango-butterfly,spicy-opaque-sloth
spicy-opaque-sloth,rich-oily-whale,spicy-opaque-sloth
cheery-cloud-guppy,festive-plum-chameleon,cheery-cloud-guppy
cheery-cloud-guppy,mythical-pistachio-pangolin,cheery-cloud-guppy
cheery-cloud-guppy,creamy-carob-dachshund,cheery-cloud-guppy
cheery-cloud-guppy,daring-carmine-penguin,cheery-cloud-guppy
cheery-cloud-guppy,clever-coral-orangutan,cheery-cloud-guppy
cheery-cloud-guppy,quaint-midnight-falcon,cheery-cloud-guppy
cheery-cloud-guppy,high-daffodil-narwhal,cheery-cloud-guppy
cheery-cloud-guppy,skinny-cider-scallop,cheery-cloud-guppy
cheery-cloud-guppy,icy-obsidian-peacock,cheery-cloud-guppy
cheery-cloud-guppy,funny-eggshell-crow,cheery-cloud-guppy
cheery-cloud-guppy,skinny-pineapple-donkey,cheery-cloud-guppy
cheery-cloud-guppy,young-latte-duck,cheery-cloud-guppy
cheery-cloud-guppy,long-berry-osprey,cheery-cloud-guppy
cheery-cloud-guppy,scrawny-gingham-alpaca,cheery-cloud-guppy
cheery-cloud-guppy,narrow-frost-sheep,cheery-cloud-guppy
cheery-cloud-guppy,beautiful-blonde-bull,cheery-cloud-guppy
cheery-cloud-guppy,damaged-coral-opossum,cheery-cloud-guppy
cheery-cloud-guppy,flat-bone-wombat,cheery-cloud-guppy
cheery-cloud-guppy,dandy-iron-goblin,cheery-cloud-guppy
cheery-cloud-guppy,skinny-laurel-kookaburra,cheery-cloud-guppy
bent-ceramic-chipmunk,huge-ocean-shrimp,bent-ceramic-chipmunk
bent-ceramic-chipmunk,best-iris-bull,bent-ceramic-chipmunk
bent-ceramic-chipmunk,bent-emerald-griffin,bent-ceramic-chipmunk
bent-ceramic-chipmunk,bent-mulberry-locust,bent-ceramic-chipmunk
slow-flaxen-locust,brave-carob-ostrich,slow-flaxen-locust
slow-flaxen-locust,formal-sandstone-giraffe,slow-flaxen-locust
slow-flaxen-locust,careful-seafoam-panda,slow-flaxen-locust
slow-flaxen-locust,scruffy-olive-dachshund,slow-flaxen-locust
slow-flaxen-locust,wobbly-ebony-caterpillar,slow-flaxen-locust
slow-flaxen-locust,teeny-orange-hippo,slow-flaxen-locust
high-cloud-elk,abundant-steel-vulture,high-cloud-elk
high-cloud-elk,festive-plum-chameleon,high-cloud-elk
high-cloud-elk,mythical-spruce-dalmatian,high-cloud-elk
high-cloud-elk,swift-bronze-lizard,high-cloud-elk
high-cloud-elk,special-chartreuse-mantaray,high-cloud-elk
high-cloud-elk,silly-lead-stork,high-cloud-elk
high-cloud-elk,fluffy-crepe-tortoise,high-cloud-elk
high-cloud-elk,delightful-aqua-blackbird,high-cloud-elk
high-cloud-elk,tart-fern-hare,high-cloud-elk
high-cloud-elk,steep-lilac-snake,high-cloud-elk
high-cloud-elk,high-citron-raccoon,high-cloud-elk
high-cloud-elk,jovial-currant-mouse,high-cloud-elk
high-cloud-elk,boxy-jetblack-condor,high-cloud-elk
high-cloud-elk,suave-mustard-llama,high-cloud-elk
high-cloud-elk,narrow-goldenrod-wombat,high-cloud-elk
high-cloud-elk,howling-felt-griffin,high-cloud-elk
high-cloud-elk,spare-violet-antelope,high-cloud-elk
high-cloud-elk,straight-gingham-mammoth,high-cloud-elk
high-cloud-elk,dapper-quartz-seahorse,high-cloud-elk
high-cloud-elk,tangy-ash-goldfish,high-cloud-elk
high-cloud-elk,zany-carrot-jay,high-cloud-elk
high-cloud-elk,dizzy-strawberry-cricket,high-cloud-elk
high-cloud-elk,young-cherry-pangolin,high-cloud-elk
high-cloud-elk,short-lemonade-lizard,high-cloud-elk
high-cloud-elk,scrawny-sable-cat,high-cloud-elk
high-cloud-elk,dandy-chambray-chipmunk,high-cloud-elk
high-cloud-elk,little-oily-platypus,high-cloud-elk
high-cloud-elk,odd-cloth-starling,high-cloud-elk
high-cloud-elk,hot-cider-pangolin,high-cloud-elk
high-cloud-elk,young-latte-duck,high-cloud-elk
high-cloud-elk,odd-laurel-lizard,high-cloud-elk
high-cloud-elk,oblong-paisley-dolphin,high-cloud-elk
high-cloud-elk,nice-ocean-kitten,high-cloud-elk
high-cloud-elk,energetic-daffodil-scorpion,high-cloud-elk
high-cloud-elk,short-tweed-yak,high-cloud-elk
high-cloud-elk,acidic-red-mouse,high-cloud-elk
high-cloud-elk,zealous-topaz-manatee,high-cloud-elk
high-cloud-elk,petite-tawny-rhino,high-cloud-elk
high-cloud-elk,hollow-eggshell-goat,high-cloud-elk
high-cloud-elk,recumbent-mauve-cricket,high-cloud-elk
high-cloud-elk,mysterious-tangerine-goblin,high-cloud-elk
high-cloud-elk,powerful-burlap-puppy,high-cloud-elk
high-cloud-elk,zany-concrete-vulture,high-cloud-elk
high-cloud-elk,radiant-peanut-salamander,high-cloud-elk
high-cloud-elk,rich-wintergreen-canary,high-cloud-elk
hidden-pastel-wasp,lone-lipstick-squirrel,hidden-pastel-wasp
hidden-pastel-wasp,vast-fossilized-quail,hidden-pastel-wasp
hidden-pastel-wasp,real-denim-wren,hidden-pastel-wasp
hidden-pastel-wasp,quiet-citron-rooster,hidden-pastel-wasp
